id,caseNumber,title,type,jurisdiction,policeStation,department,status,priority,investigatingOfficerId,investigatingOfficerName,incidentDate,filingDate,courtName,judgeName,isLegalHold,summary,district,state,firYear,occurrenceDay,occurrenceDateFrom,occurrenceDateTo,occurrenceTimeFrom,occurrenceTimeTo,informationReceivedDate,informationReceivedTime,generalDiaryNo,informationType,placeOfOccurrence,distanceFromPS,beatNo,complainantName,complainantFatherSpouse,complainantDobOrAge,complainantNationality,complainantOccupation,complainantAddress,complainantPhone,suspectDetails,propertiesStolenOrInvolved,totalEstimatedValue,firContents,officerInChargeName,officerInChargeRank,officerInChargeBadge,createdAt,updatedAt
"CAS-2026-001","FIR-2026-CRB-101","Cyber Financial Siphoning & Payment Gateway Bypass via Token Hijacking","Cyber Crime & Financial Fraud","South District, New Delhi","Hauz Khas Crime Branch Special Cell","Cyber Crime Investigation Division","Active Investigation","Critical","USR-IO-01","Inspector Rajesh Verma","2026-08-14","2026-08-15","Court of Special Magistrate (Cyber Crime), Saket","Hon. Justice Manpreet Kaur","true","Organized cyber syndicate siphoned ₹4.2 Crore from corporate escrow accounts using SIM-swapping, API token interception, and forged KYC identities.","South District, New Delhi","Delhi (NCT)","2026","Friday","2026-08-14","2026-08-14","21:15 Hrs","23:45 Hrs","2026-08-15","08:30 Hrs","GD-2026-894","Written","Plot 44, Okhla Industrial Area Phase-III & Virtual Endpoints","4.2 KM South-East","Beat No. 6","Sunil Malhotra (Director, Zenith FinTech Escrow Pvt Ltd)","S/o Late Sh. O.P. Malhotra","46 Years","Indian","Chief Technology Officer & Director","B-12, Greater Kailash-I, New Delhi - 110048","+91 98101 22334","Syndicate operating under alias ""CryptoViper"" using mule accounts in Jamtara, Surat, and Dubai.","Siphoned funds ₹4,20,00,000/- across 14 mule accounts, 2 server SSDs, 4 SIM cards","₹ 4,20,00,000/-","Unauthorized automated API transactions initiated from company escrow servers via session token hijacking. Intercepted 2FA tokens through rogue e-SIM cloning.","Inspector Rajesh Verma","Inspector (Crime Branch)","DP-CYB-404","2026-08-15T09:00:00Z","2026-08-18T14:30:00Z"
"CAS-2026-002","FIR-2026-CRB-102","Armed Commercial Dacoity & Ballistics Seizure at Hauz Khas Arcade","Organized Armed Crime","South District, New Delhi","Hauz Khas Crime Branch Special Cell","Special Staff / Anti-Gang Squad","Under Review","High","USR-IO-01","Inspector Rajesh Verma","2026-08-02","2026-08-03","Sessions Court No. 3, Saket","Hon. Justice Manpreet Kaur","true","Armed robbery involving country-made 9mm firearm discharge. Gold jewelry seized, fired brass casing and projectile fragments recovered.","South District, New Delhi","Delhi (NCT)","2026","Sunday","2026-08-02","2026-08-02","22:15 Hrs","22:40 Hrs","2026-08-03","00:15 Hrs","GD-2026-412","Written","Jewelry Mart, Shop #14, Hauz Khas Commercial Arcade, E-Block Market","1.8 KM North-West","Beat No. 2","Rameshwar Dayal Verma","S/o Sh. Harish Chandra Verma","54 Years","Indian","Jeweler / Merchant","C-33, Hauz Khas Enclave, New Delhi","+91 98188 77665","Three masked assailants armed with country-made pistol fleeing in black Mahindra Scorpio (DL-1CAB-9042).","Gold ornaments (480 grams), country-made 9mm firearm (WB-8819), 1 fired cartridge casing","₹ 38,50,00,000/-","Three armed assailants barged into jewelry showroom, fired one shot in ceiling, assaulted security guard, looted gold trays.","Inspector Rajesh Verma","Inspector (Crime Branch)","DP-CRB-108","2026-08-03T11:20:00Z","2026-08-20T16:45:00Z"
"CAS-2026-003","FIR-2026-WS-103","Digital Harassment, Extortion & Deepfake Image Blackmail Syndicate","Women Safety & Cyber Stalking","South-East District, New Delhi","Special Crime Cell for Women & Children","Women Safety & Cyber Stalking Cell","Filed","High","USR-IO-01","Inspector Rajesh Verma","2026-08-10","2026-08-11","Special Fast Track Mahila Court, Saket","Hon. Justice Manpreet Kaur","true","Perpetrator extorted female corporate executive using AI-generated deepfake video clips, unauthorized iCloud takeover, and encrypted extortion demands.","South-East District, New Delhi","Delhi (NCT)","2026","Monday","2026-08-05","2026-08-10","Continuous","Continuous","2026-08-11","11:00 Hrs","GD-2026-112","Written","Digital Workspace & Complainant Residence, Nehru Place, New Delhi","3.0 KM West","Beat No. 4","Pooja Narang","D/o Sh. K.L. Narang","29 Years","Indian","Senior Product Manager","Flat 402, Green View Apartments, Kalkaji, New Delhi","+91 98712 34567","Accused identified as Kunal Saxena using virtual burner numbers (+91 98210 55432) and Telegram bots.","Seized iPhone 15 Pro, cloud backup exports, digital extortion ledger","₹ 15,00,000/- (Extortion Demand)","Complainant received extortion calls demanding ₹15 Lakhs under threat of circulating deepfake synthetic media.","Inspector Rajesh Verma","Inspector (Crime Branch)","DP-CRB-108","2026-08-11T12:00:00Z","2026-08-19T10:15:00Z"
"CAS-2026-004","FIR-2026-NDPS-204","Darknet Narcotics Consignment Interdiction & Hawala Money Trail","Narcotics & Organized Drug Trafficking","IGI Airport & South-West District, New Delhi","Special Cell Narcotics Task Force (NTF)","Anti-Narcotics Operations Bureau","Active Investigation","Critical","USR-IO-01","Inspector Rajesh Verma","2026-08-20","2026-08-21","Special NDPS Court, Patiala House Courts, New Delhi","Hon. Justice Manpreet Kaur","true","Interdiction of international commercial contraband shipment containing 1.85 kg high-grade Heroin concealed in courier parcels, routed via Darknet vendor ""SilkFalcon"".","South-West District, New Delhi","Delhi (NCT)","2026","Thursday","2026-08-20","2026-08-20","14:30 Hrs","18:00 Hrs","2026-08-21","09:15 Hrs","GD-2026-905","Written","Air Cargo Complex, Terminal-3, IGI Airport & Courier Warehouse Mahipalpur","6.5 KM South","NTF Air Wing #1","Devendra Bisht (Superintendent, Customs Air Cargo)","S/o Sh. B.S. Bisht","44 Years","Indian","Superintendent, Indian Customs","Customs Enclave, Vasant Kunj, New Delhi","+91 99110 54321","Consignment receiver Tariq Masood and handler operating burner phone +91 98210 55432 and Monero crypto wallet.","1.85 kg Heroin (CFSL Sealed), 1 encrypted Google Pixel phone, ₹18,40,000 cash in hawala currency","₹ 12,50,00,000/- (International Market)","Specific intelligence indicated international courier parcel arriving from Bangkok containing concealed contraband in industrial machine rollers. Chemical field test positive for Diacetylmorphine.","Inspector Rajesh Verma","Inspector (Crime Branch)","DP-NTF-701","2026-08-21T10:00:00Z","2026-08-24T18:00:00Z"
"CAS-2026-005","FIR-2026-EOW-305","High-Security Counterfeit Currency Printing & Interstate Hawala Pipeline","Economic Offences & Fake Currency","Central District, New Delhi","Economic Offences Wing (EOW), Mandir Marg","Counterfeit Currency & Hawala Investigation Wing","Active Investigation","Critical","USR-IO-01","Inspector Rajesh Verma","2026-08-25","2026-08-26","Chief Metropolitan Magistrate, Tis Hazari Courts, Delhi","Hon. Justice Manpreet Kaur","true","Interstate syndicate recovered with ₹68.5 Lakhs in high-grade FICN (Fake Indian Currency Notes) of ₹500 denomination, matching offset printing plates and optic variable ink.","Central District, New Delhi","Delhi (NCT)","2026","Tuesday","2026-08-25","2026-08-25","19:40 Hrs","21:30 Hrs","2026-08-26","02:00 Hrs","GD-2026-621","Written","Basement Unit B-4, Asaf Ali Road Commercial Complex, Daryaganj, Delhi","2.4 KM East","Beat No. 5","Sub-Inspector Ankit Choudhary","S/o Sh. Mahavir Choudhary","32 Years","Indian","Sub-Inspector of Police","EOW Headquarters, Mandir Marg, New Delhi","+91 97114 88990","Mastermind Aslam Qureshi and printer operator Sandeep Mondal operating Scorpio vehicle DL-1CAB-9042.","₹68,50,000 in counterfeit ₹500 currency notes, 4 high-precision offset printing plates, 1 paper cutting machine","₹ 68,50,000/-","Raid conducted at clandestine basement workshop based on secret informant report. Suspects apprehended red-handed while bundling counterfeit ₹500 currency notes.","Inspector Rajesh Verma","Inspector (EOW)","DP-EOW-512","2026-08-26T03:30:00Z","2026-08-28T15:20:00Z"
"CAS-2026-006","FIR-2026-ACB-406","Municipal Flyover Tender Bribery, Collusive Bidding & Forged Panchnama","Anti-Corruption & Public Procurement Fraud","North District, New Delhi","Anti-Corruption Branch (ACB), Vikas Bhawan","Special Inquiry Commission","Under Review","High","USR-IO-01","Inspector Rajesh Verma","2026-08-18","2026-08-19","Special Judge (CBI/ACB), Rouse Avenue Courts, New Delhi","Hon. Justice Manpreet Kaur","true","Chief Engineer and infrastructure contractor colluded in ₹145 Crore municipal flyover contract, using forged bank guarantees and secret kickbacks routed through shell entities.","North District, New Delhi","Delhi (NCT)","2026","Tuesday","2026-07-01","2026-08-18","Continuous","Continuous","2026-08-19","10:45 Hrs","GD-2026-388","Written","PWD HQ MSO Building, IP Estate & Contractor Offices Barakhamba Road","1.2 KM North","Beat No. 1","Virendra Swaroop (Superintending Auditor, CAG Office)","S/o Sh. J.P. Swaroop","51 Years","Indian","Senior Audit Officer","CAG Staff Quarters, Timarpur, Delhi","+91 98104 33221","Executive Engineer Arvind Gokhale and Director of Shivalik Infra Projects Pvt Ltd.","Seized audit workbooks, ₹25 Lakhs cash bribe recovery, 3 encrypted laptops, 2 forged bank guarantees","₹ 145,00,00,000/- (Contract Tender Value)","Whistleblower alert and forensic audit revealed fabricated performance bank guarantees submitted during e-tendering. Trap operation recovered ₹25 Lakhs currency marked with phenolphthalein powder.","Inspector Rajesh Verma","Inspector (ACB)","DP-ACB-219","2026-08-19T11:30:00Z","2026-08-25T14:10:00Z"
"CAS-2026-007","FIR-2026-HOM-507","Cold-Case Homicide: Ridge Forest Body Recovery & Forensic DNA Match","Homicide & Violent Crime","South-West District, New Delhi","Vasant Kunj North Police Station","Homicide & Special Investigation Team","Active Investigation","Critical","USR-IO-01","Inspector Rajesh Verma","2026-08-01","2026-08-01","District & Sessions Judge, Patiala House Courts, New Delhi","Hon. Justice Manpreet Kaur","true","Deceased identified via CFSL STR-DNA profiling after body recovered in Southern Ridge scrubland. Ballistic match connects fired 9mm casing to the weapon in FIR-2026-CRB-102.","South-West District, New Delhi","Delhi (NCT)","2026","Saturday","2026-07-31","2026-08-01","23:00 Hrs","05:30 Hrs","2026-08-01","06:45 Hrs","GD-2026-104","Written","Southern Ridge Reserved Forest, 400m inside Trail Gate No. 3, Near Mahipalpur Border","3.8 KM South-West","Ridge Patrol #3","Head Constable Dharamvir Singh","S/o Sh. Balwan Singh","39 Years","Indian","Police Officer","Police Colony, Vasant Kunj, New Delhi","+91 98112 00998","Suspect Vikram Malhotra and associates linked via ballistic signature and burner phone +91 98210 55432.","One fired 9mm cartridge casing (KF-9mm), deceased wrist watch, tyre tread impression casts","Non-property (Capital Offence)","During morning ridge area patrol, HC Dharamvir discovered an unidentified male corpse with single gunshot wound to chest. Spot panchnama prepared under Section 105 BNSS.","Inspector Rajesh Verma","Inspector (Homicide)","DP-HOM-901","2026-08-01T08:00:00Z","2026-08-22T19:15:00Z"
"CAS-2026-008","FIR-2026-AOT-608","Interstate Luxury Vehicle Theft Syndicate & Engine Chassis Re-stamping","Automobile Theft & Organized Gang","West District, New Delhi","Anti-Auto Theft Squad (AATS), Rajouri Garden","Crime Branch Motor Theft Wing","Active Investigation","Medium","USR-IO-01","Inspector Rajesh Verma","2026-08-16","2026-08-17","Metropolitan Magistrate, Tis Hazari Courts, Delhi","Hon. Justice Manpreet Kaur","false","Syndicate using electronic OBD port scanners and laser chassis restamping machinery to clone stolen luxury SUVs (Scorpio & Creta) for sale across Nagaland and Nepal.","West District, New Delhi","Delhi (NCT)","2026","Sunday","2026-08-16","2026-08-16","02:30 Hrs","03:15 Hrs","2026-08-17","07:30 Hrs","GD-2026-552","Written","Street No. 11, Punjabi Bagh West, New Delhi","2.1 KM West","Beat No. 8","Jaspreet Singh Ahuja","S/o Sh. G.S. Ahuja","41 Years","Indian","Automobile Parts Exporter","11/4, Punjabi Bagh West, New Delhi","+91 98105 66778","Gang leader Monu Shooter and chassis restamper operating Scorpio DL-1CAB-9042.","Mahindra Scorpio-N (DL-1CAB-9042), OBD programming dongle, 6 blank smart keys","₹ 22,00,000/-","Complainant parked his black Scorpio outside his residence at 23:00 hrs. Next morning vehicle was missing. CCTV footage revealed thieves used signal amplifier device to bypass smart key lock in 90 seconds.","Inspector Rajesh Verma","Inspector (AATS)","DP-AATS-331","2026-08-17T08:15:00Z","2026-08-23T11:45:00Z"
"CAS-2026-009","FIR-2026-SEC-709","Critical Infrastructure SCADA Intrusions & Ransomware Blackmail","National Security & Cyber Terrorism","Special Cell Headquarters, Lodhi Road, New Delhi","Special Cell (Cyber Intelligence & Terrorism Wing)","National Cyber Crime Unit","Active Investigation","Critical","USR-IO-01","Inspector Rajesh Verma","2026-08-22","2026-08-23","Special NIA / Cyber Court, Patiala House Courts, New Delhi","Hon. Justice Manpreet Kaur","true","Targeted spear-phishing attack injected ransomware payload into Delhi Power Grid SCADA telemetry substation, with ransom demand in Bitcoin.","New Delhi District","Delhi (NCT)","2026","Saturday","2026-08-22","2026-08-23","01:10 Hrs","04:45 Hrs","2026-08-23","08:00 Hrs","GD-2026-999","Written","State Load Despatch Centre (SLDC), Minto Road, New Delhi","3.1 KM North","Critical Infrastructure Beat #1","Dr. Alok Nath Saxena (Chief Information Security Officer)","S/o Late Sh. R.N. Saxena","52 Years","Indian","CISO, Delhi Transco Limited","B-7, Staff Quarters, IP Estate, New Delhi","+91 98100 11223","Threat Actor APT-44 ""DarkSentinel"" utilizing TOR exit nodes and Monero payment links.","Encrypted telemetry server memory dumps, firewall gateway logs, ransom negotiation notes","₹ 25,00,00,000/- (Extortion Demand)","Early morning telemetry monitors detected anomalous lateral movement in sub-station 220kV controller. Ransomware note dropped on engineering workstations demanding 25 BTC.","Inspector Rajesh Verma","Inspector (Special Cell)","DP-SPEC-001","2026-08-23T09:30:00Z","2026-08-27T17:00:00Z"
"CAS-2026-010","FIR-2026-KID-810","Industrialist Abduction for Ransom & Cell Tower CDR Triangulation","Kidnapping for Ransom & Violent Crime","South District, New Delhi","Mehrauli Police Station","Anti-Kidnapping Squad (AKS)","Active Investigation","Critical","USR-IO-01","Inspector Rajesh Verma","2026-08-27","2026-08-28","Court of Additional Sessions Judge, Saket Courts, Delhi","Hon. Justice Manpreet Kaur","true","Pharmaceutical manufacturer abducted while returning from farm house. Cell tower triangulation and CDR dump established movement along MG Road into Mewat border.","South District, New Delhi","Delhi (NCT)","2026","Thursday","2026-08-27","2026-08-27","20:30 Hrs","21:15 Hrs","2026-08-28","01:30 Hrs","GD-2026-744","Written","Sultanpur Estate Road, Near Chhatarpur Metro Station, New Delhi","4.5 KM South","Beat No. 7","Kavita Singhania (Wife of Victim)","W/o Sh. Pradeep Singhania","48 Years","Indian","Homemaker & Trustee","14, Palm Avenue, Westend Green, Rajokri, New Delhi","+91 98111 99001","Gang operating from Nuh / Mewat using burner IMEI 864201048821901 and phone +91 98210 55432.","Victim Mercedes sedan (abandoned near Aya Nagar), ransom call voice recordings, 3 SIM card tower logs","₹ 10,00,00,000/- (Ransom Demand)","Complainant reported husband did not reach home after leaving factory at 20:00 hrs. At 23:45 hrs, a call was received from an unknown number demanding ₹10 Crore ransom.","Inspector Rajesh Verma","Inspector (Crime Branch)","DP-AKS-102","2026-08-28T02:00:00Z","2026-08-29T16:00:00Z"