id,documentNumber,caseId,caseNumber,title,category,description,authorId,authorName,department,confidentiality,currentVersionNumber,reviewStatus,isLegalHold,isDeleted,retentionUntil,createdAt,updatedAt
"DOC-2026-001","DOC-2026-0819-01","CAS-2026-001","FIR-2026-CRB-101","First Information Report (Form I.F.1) — Cyber Gateway Fraud","FIR","Statutory registration document under Section 173 BNSS with verified electronic general diary entry.","USR-IO-01","Inspector Rajesh Verma","Crime Branch Special Cell","Confidential","1","Signed","true","false","2046-08-15T00:00:00Z","2026-08-15T09:00:00Z","2026-08-15T09:30:00Z"
"DOC-2026-002","DOC-2026-0819-02","CAS-2026-002","FIR-2026-CRB-102","Spot Inspection Panchnama (Section 105 BNSS) — Hauz Khas Jewelry Arcade","Police Report","Contemporaneous recovery memo recorded in presence of two independent panch witnesses with audio-video recording log.","USR-IO-01","Inspector Rajesh Verma","Crime Branch Special Cell","Restricted","1","Signed","true","false","2046-08-03T00:00:00Z","2026-08-03T01:30:00Z","2026-08-03T03:00:00Z"
"DOC-2026-003","DOC-2026-0819-03","CAS-2026-002","FIR-2026-CRB-102","CFSL Ballistics Examination & Comparison Macroscope Report","Forensic Report","CFSL Ballistics division report analyzing 9mm fired casing, striation marks, and firing pin impression vs seized country firearm WB-8819.","USR-FOR-01","Dr. Ramesh Rao","CFSL Ballistics Division","Secret","1","Approved","true","false","2056-08-10T00:00:00Z","2026-08-08T14:00:00Z","2026-08-08T16:00:00Z"
"DOC-2026-004","DOC-2026-0819-04","CAS-2026-002","FIR-2026-CRB-102","Witness Statement under Section 180 BNSS — Ramesh Kumar (Security Guard)","Witness Statement","Eyewitness statement detailing assailant description, weapon brandishing, warning shot, and getaway vehicle license plate.","USR-IO-01","Inspector Rajesh Verma","Crime Branch Special Cell","Confidential","1","Signed","true","false","2046-08-04T00:00:00Z","2026-08-04T10:15:00Z","2026-08-04T11:00:00Z"
"DOC-2026-005","DOC-2026-0819-05","CAS-2026-001","FIR-2026-CRB-101","Section 63 Bharatiya Sakshya Adhiniyam (BSA) Certificate — Gateway Telemetry","Court Filing","Mandatory electronic record authenticity certificate establishing unbroken cryptographic hash chain of server access logs.","USR-FOR-01","Dr. Ramesh Rao","CFSL Digital Forensics Wing","Confidential","1","Signed","true","false","2046-08-16T00:00:00Z","2026-08-16T11:00:00Z","2026-08-16T12:30:00Z"
"DOC-2026-006","DOC-2026-0819-06","CAS-2026-004","FIR-2026-NDPS-204","CFSL Chemical Division Spectrometry Report — Diacetylmorphine Purity","Forensic Report","Gas Chromatography-Mass Spectrometry (GC-MS) qualitative & quantitative chemical analysis confirming 84.6% pure Diacetylmorphine (Heroin).","USR-FOR-01","Dr. Ramesh Rao","CFSL Chemical Division","Secret","1","Signed","true","false","2056-08-23T00:00:00Z","2026-08-23T16:00:00Z","2026-08-23T17:30:00Z"
"DOC-2026-007","DOC-2026-0819-07","CAS-2026-007","FIR-2026-HOM-507","Autopsy & STR-DNA Profiling Report — Ridge Homicide Victim Identification","Forensic Report","Post-mortem examination and CFSL Biology STR-DNA genotype comparison establishing victim identity and cause of death as penetrating cardiac trauma.","USR-FOR-01","Dr. Ramesh Rao","AIIMS Forensic Medicine & CFSL Biology","Top Secret","1","Approved","true","false","2066-08-02T00:00:00Z","2026-08-03T18:00:00Z","2026-08-03T19:45:00Z"
"DOC-2026-008","DOC-2026-0819-08","CAS-2026-005","FIR-2026-EOW-305","India Security Press & Forensic Document Examination (FICN Analysis)","Forensic Report","Comparative analysis of confiscated fake ₹500 currency notes against authentic currency paper, micro-lettering, and security thread.","USR-FOR-01","Dr. Ramesh Rao","Forensic Document Division","Secret","1","Signed","true","false","2046-08-28T00:00:00Z","2026-08-28T14:30:00Z","2026-08-28T15:30:00Z"
"DOC-2026-009","DOC-2026-0819-09","CAS-2026-010","FIR-2026-KID-810","CDR & IPDR Cell Tower Dump Correlation — Sultanpur Abduction Corridor","Police Report","Telecommunication cell-tower handoff sequence establishing simultaneous travel of victim device and suspect burner phone +91 98210 55432.","USR-IO-01","Inspector Rajesh Verma","Crime Branch Telecom Wing","Confidential","1","Signed","true","false","2046-08-29T00:00:00Z","2026-08-29T11:00:00Z","2026-08-29T12:15:00Z"
"DOC-2026-010","DOC-2026-0819-10","CAS-2026-001","FIR-2026-CRB-101","Final Police Report / Charge Sheet (Section 193 BNSS) — FIR 101/2026","Charge Sheet","Comprehensive statutory charge sheet listing oral, documentary, and digital electronic evidence submitted before Court of Special Magistrate.","USR-IO-01","Inspector Rajesh Verma","Crime Branch Special Cell","Restricted","1","Signed","true","false","2046-09-01T00:00:00Z","2026-09-01T10:00:00Z","2026-09-01T11:30:00Z"